{
  "Benign": 0.27247191011235955,
  "DDoS": 0.16123595505617977,
  "DoS": 0.5960674157303371,
  "Mirai": 0.8589887640449438,
  "Recon": 0.4241573033707865,
  "Spoofing": 0.6162921348314607,
  "Web_BruteForce": 0.6264044943820225
}